,id,title,price,available_quantity,city,state,seller,Brand
0,MLA1213216754,Google Chromecast With Google Tv De Voz 4k 8gb Snow Con 2gb De Memoria Ram,35999.0,100,Parque Chas,Capital Federal,ELECTRO WORLD2,CHORMECAST
1,MLA832079323,Google Chromecast Ga00439 3.ª Generación Full Hd Carbón,23000.0,500,Capital Federal,Capital Federal,LAMEJORSOLUCION,CHORMECAST
2,MLA1381364734,Chromecast Google Ga03131 Google Tv Hd 8gb Blanco,30730.0,1,Colegiales,Capital Federal,BITECH GROUP,CHORMECAST
3,MLA1413418134,Xiaomi Mi Tv Stick Mdz-24-aa Control De Voz Full Hd 8gb Negro Con 1gb De Memoria Ram,29999.0,50,Ciudad Autonoma de Buenos Aires,Capital Federal,OHPIC,CHORMECAST
4,MLA1333256461,Xiaomi Stick 4k Mdz-27-aa Control De Voz 4k 8gb Negro Con 2gb De Memoria Ram,41499.0,1,Rosario,Santa Fe,TECHWAY SRL,CHORMECAST
5,MLA1117413521,Tv Stick Anycast M9 Plus Negro Con 128mb De Memoria Ram,5109.06,1,San Nicolás,Capital Federal,DUAITEK,CHORMECAST
6,MLA1169331764,Google Chromecast 2.ª Generación Full Hd 256mb Negro Con 512mb De Memoria Ram,24291.0,50,Chacarita,Capital Federal,INTEGRADOS ARGENTINOS,CHORMECAST
7,MLA1381880396,Tv Box Convertidor Smart 4k Netflix Youtube Android Mini Pc,21200.0,1,Ramos Mejia,Buenos Aires,JUSTSOLUTIONSA,CHORMECAST
8,MLA1370811937,Xiaomi Mi Box S Mdz-22-ab Control De Voz 4k 8gb Negro Con 2gb De Memoria Ram,46990.0,1,San Justo,Buenos Aires,SANJUSTOCENTROCOMPUTACION,CHORMECAST
9,MLA1199951609,Google Chromecast With Google Tv De Voz 4k 8gb Sky Con 2gb De Memoria Ram,37899.0,500,Parque Chas,Capital Federal,ELECTROWORLDGROUPARGENTINA,CHORMECAST
10,MLA1133995390,Google Chromecast 2.ª Generación Full Hd 256mb Rojo Con 512mb De Memoria Ram,19999.0,1,Paternal,Capital Federal,GAMESTATION ARG,CHORMECAST
11,MLA880660416,Anycast M9 Plus Netflix Flow Smart Tv Chromecast Wifi 2.4g ,5109.06,1,Paternal,Capital Federal,TODOMICRO,CHORMECAST
12,MLA1131067350,Google Chromecast 4 Control De Voz 4k 8gb En Caja Con Fuente,34999.0,50,Palermo,Capital Federal,TODOTEC.COM.AR,CHORMECAST
13,MLA1179751529,Google Chromecast 3.ª Generación Full Hd Carbón,24499.0,200,Parque Chas,Capital Federal,ELECTRO WORLD2,CHORMECAST
14,MLA1113470749, Google Chromecast  3 Full Hd Media Streaming Negro Carbón,23999.0,1,Haedo,Buenos Aires,FENIXCORP SRL,CHORMECAST
15,MLA1152328318,Google Chromecast With Google Tv De Voz 4k Snow Androidtv,55500.0,1,Santa Fe,Santa Fe,NETFE_STAFE,CHORMECAST
16,MLA1343987671,Chromecast Google Tv Hd Voz 8gb Y 2gb Ram Original Pcreg,32999.0,100,Almagro,Capital Federal,PCREGISTRADAOK,CHORMECAST
17,MLA1256846341,Chromecast Smart Netflix Google Tv Full Hd Hdr Contr Remoto,32299.05,1,San Nicolás,Capital Federal,COOL-TECH-,CHORMECAST
18,MLA910313990, Chromecast With Google Tv  De Voz 4k 8gb  Snow 2gb Ram,35999.0,250,Parque Chas,Capital Federal,ELECTROWORLDGROUPARGENTINA,CHORMECAST
19,MLA1423039768,Google Chromecast Ultra 4k Negro,46500.0,1,Monte Castro,Capital Federal,PANCHITAFTW,CHORMECAST
20,MLA1124759816,Google Chromecast Full Hd Carbón,24749.0,500,Parque Chas,Capital Federal,ELECTROWORLDGROUPARGENTINA,CHORMECAST
21,MLA905544555,Xiaomi Mi Tv Stick Full Hd Chromecast Android Netflix Amazon,33699.0,1,Palermo,Capital Federal,TENDEX,CHORMECAST
22,MLA1164049535,Tv Box Nvidia Shield Tv Pro Versión 2019 Control De Voz 4k 16gb Negro Con 3gb De Memoria Ram,169999.0,1,Ciudad Autonoma de Buenos Aires,Capital Federal,MAGATEKNO,CHORMECAST
23,MLA1229163569,Tv Stick Realme 4k Smart Tv Stick Control De Voz 4k 8gb Negro Con 2gb De Memoria Ram,38638.79,1,Barracas,Capital Federal,IVMACO,CHORMECAST
24,MLA1121937411,Google Chromecast Google Tv De Voz 4k 8gb Cargador Original,39998.0,50,MICROCENTRO,Capital Federal,RAPIDA_ENTREGA_,CHORMECAST
25,MLA615019452,Google Chromecast 3 Smart Tv Hdmi Usb Nuevo Modelo Local,23000.0,500,Capital Federal,Capital Federal,LAMEJORSOLUCION,CHORMECAST
26,MLA1120848222,Xiaomi Mi Tv Stick Full Hd Chromecast Android Netflix Amazon,30399.0,1,Villa Santa Rita,Capital Federal,SM SPACE,CHORMECAST
27,MLA1378957302,Chromecast Google Tv 4ta Generacion 1080p Con Fuente,40500.0,1,Santa Fe,Santa Fe,NETFE_STAFE,CHORMECAST
28,MLA759895787,Google Chromecast 3 Generacion Smart Tv Original + Fuente,23999.0,1,Monserrat,Capital Federal,OFERTAS INFORMATICAS,CHORMECAST
29,MLA885133507,Chromecast Smart Tv Netflix Google Tv 4k Hdr Control Remoto,34039.08,1,San Nicolás,Capital Federal,COOL-TECH-,CHORMECAST
30,MLA1100371030, Google Chromecast 3rd Generation  Full Hd  Carbón,6800.0,100,Caballito,Capital Federal,.-TODOIMPORTADO.-1136187723,CHORMECAST
31,MLA1213210667,Chromecast With Google Tv  De Voz 4k 8gb  Snow 2gb Ram,35999.0,100,Parque Chas,Capital Federal,ELECTRO WORLD2,CHORMECAST
32,MLA914388347,Chromecast Google Tv 4k Control De Voz Hdmi Wifi Dual,43799.0,1,San Nicolás,Capital Federal,TECNOSTOCK.COM.AR,CHORMECAST
33,MLA1324107998,Chromecast Google Ga03131 Google Tv Hd 8gb ,32999.0,1,Ramos Mejía,Buenos Aires,VIRTUAL-HOUSE,CHORMECAST
34,MLA1181832416,Chromecast With Google Tv  De Voz 4k 8gb  Snow 2gb Ram,46749.0,50,Parque Chas,Capital Federal,ELECTRO WORLD2,CHORMECAST
35,MLA1104749278, Google Chromecast 3rd Generation  Full Hd  Carbón,29999.0,500,Paternal,Capital Federal,BAZA 10,CHORMECAST
36,MLA763377681,Convertidor Google Chromecast 3era Gen Con Fuente Externa,29999.0,100,Paternal,Capital Federal,GAMESTATION ARG,CHORMECAST
37,MLA1346263508,Chromecast Ga03131 Google Tv Hd Full Hd 8gb Control Remoto,32999.0,1,San Nicolás,Capital Federal,BH COMPUTACION,CHORMECAST
38,MLA1367569267,Chromecast Google Ga03131 Google Tv Hd 8gb Blanco,33000.0,1,Monserrat,Capital Federal,STHETIQUE COSMETICA,CHORMECAST
39,MLA1368841989,Convertidor Smart Tv Android Xiaomi Mi Tv Stick Chromecast  ,29500.0,1,Mar del Plata,Buenos Aires,MOVILES ONLINE,CHORMECAST
40,MLA763377318,Google Chromecast 3 Cromecast 3era Generacion 2019 Netflix,29999.0,500,Paternal,Capital Federal,BAZA 10,CHORMECAST
41,MLA1338905596,Google Chromecast Google Tv Control De Voz,34999.0,1,Benavidez,Buenos Aires,ENERGENERATION,CHORMECAST
42,MLA1113438254,Google Chromecast 3 Full Hd Media Streaming Negro Carbón,30999.0,1,Haedo,Buenos Aires,FENIXCORP SRL,CHORMECAST
43,MLA930960168, Google Chromecast Con Control De Voz 4k 8gb Snow 2gb De Ram,37000.0,1,Buenos Aires,Capital Federal,ARGENPRINT,CHORMECAST
44,MLA906348632, Google Chromecast 3rd Generation  Full Hd  Carbón,32474.0,50,Parque Chas,Capital Federal,ELECTROWORLDGROUPARGENTINA,CHORMECAST
45,MLA1143782716,Google Chromecast 4k Android Tv Control De Voz Color Blanco!,57990.0,1,Chacarita,Capital Federal,INTEGRADOS ARGENTINOS,CHORMECAST
46,MLA869143575,Chromecast Google 3rd Generation  Full Hd 1080 Hdmi,23500.0,1,Caballito,Capital Federal,GONDOR STORE,CHORMECAST
47,MLA910314339,Chromecast With Google Tv  De Voz 4k 8gb  Snow 2gb Ram,49999.0,50,Parque Chas,Capital Federal,ELECTROWORLDGROUPARGENTINA,CHORMECAST
48,MLA885640080,Google Chromecast 3 Gen Smart Tv Hdmi Caja C/ Fuente,30999.0,50,San Nicolás,Capital Federal,BH COMPUTACION,CHORMECAST
49,MLA1129796955,Google Chromecast With Google Tv De Voz 4k 8gb Snow 2gb Ram,55999.0,500,Capital Federal,Capital Federal,LAMEJORSOLUCION,CHORMECAST
0,MLA1240290150,Smart Tv Noblex Dq50x9500pi Qled 4k 50'' Black Series Con Google Tv,154999.0,250,Monte Chingolo,Buenos Aires,PILISAR 33709180849,SMARTV
1,MLA1147960290,Soporte Para Tv Libercam Lc-03 Smart Movil Brazo Articulado 14 A 55 Pulgada Negro,4699.0,500,Boedo,Capital Federal,LIBERCAM,SMARTV
2,MLA903321020,Tv Box Noga Pc Ultra Estándar 4k 8gb Negro Con 1gb De Memoria Ram,14999.6,150,Almagro,Capital Federal,PCREGISTRADAOK,SMARTV
3,MLA1174388831,Smart Tv 32 Philips Android Hd 32phd6917/77 110-240v,58999.0,1,Villa Urquiza,Capital Federal,OPENFACTORY,SMARTV
4,MLA1104999739,Soporte Nictom Sp01 De Pared Para Tv/monitor De 32  A 75  Negro,17999.0,150,Buenos Aires,Capital Federal,NYT SRL,SMARTV
5,MLA1117413521,Tv Stick Anycast M9 Plus Negro Con 128mb De Memoria Ram,5109.06,1,San Nicolás,Capital Federal,DUAITEK,SMARTV
6,MLA1150940135,Smart Tv Noblex Dk32x5050pi Led Hd 32'',54499.0,1,Parque Patricios,Capital Federal,DMAKER SA,SMARTV
7,MLA1348110329,Smart Tv Quint Qt1-32frame Led Linux Hd 32  220v,69999.0,1,Parque Patricios,Capital Federal,DMAKER SA,SMARTV
8,MLA899501328,Control Remoto Para Rca Tcl Hitachi Smart,2598.98,50,Córdoba,Córdoba,GALLIO ELECTRÓNICA,SMARTV
9,MLA1313762462,Smart Tv Kodak We-32mt005 Led Hd 32  220v,50499.0,500,Garín,Buenos Aires,MULTI.HOGAR,SMARTV
10,MLA1368530925,Smart Tv Sansei Tds2332hichpi Led Hd 32 Android Tv 220v,54499.0,150,Monte Chingolo,Buenos Aires,PILISAR 33709180849,SMARTV
11,MLA1317786720,Soporte Lcd Led Fijo Tv 43 42 40 32 24 Ss2020 Vesa 20x20,1699.0,500,Palermo,Capital Federal,SMARTSOPORTES,SMARTV
12,MLA1421858046,Smart Noblex 50  91dk50x6550 4k Sistema Vidaa,113499.0,150,Monte Chingolo,Buenos Aires,PILISAR 33709180849,SMARTV
13,MLA1365500276,Smart Tv Quint 43 Qt1-43frame Led 1080p Fhd Wifi Linux,71999.0,150,Parque Patricios,Capital Federal,DMAKER SA,SMARTV
14,MLA1365591847,Smart Tv 43 Skyworth Led Hd Android Tv,89999.0,1,Monte Castro,Capital Federal,ITECOM DIGITAL,SMARTV
15,MLA897638957,Control Remoto En2h27 Para Smart Bgh Noblex Sanyo Jvc Otras,2398.98,100,Córdoba,Córdoba,GALLIO ELECTRÓNICA,SMARTV
16,MLA751842852,Control Remoto Universal Smart Tv Led Lcd Netflix Youtube   ,1499.0,250,Boedo,Capital Federal,ELECTRO LAND,SMARTV
17,MLA1289285321,Tv 32 Smart Full Hd 1366px 768px Led Dtv Netflix Youtube,50499.0,500,Garín,Buenos Aires,MULTI.HOGAR,SMARTV
18,MLA918462579,Soporte Iofi Sp-247 De Pared Para Tv/monitor De 75   Negro,16749.33,500,Parque Patricios,Capital Federal,IOFIONLINE,SMARTV
19,MLA1377070100,Tv Led 4k 50  Noblex Dk50x7500  Uhd Smart Netflix Tda,112499.0,1,Parque Patricios,Capital Federal,DMAKER SA,SMARTV
20,MLA918945391,Soporte Tv Led Lcd Iofi Con Inclinación 42 43 48 50 55 60 70,3044.13,250,Parque Patricios,Capital Federal,IOFIONLINE,SMARTV
21,MLA1398431376,Smart Tv Philips 6900 Series 43pfd6917/77 Led Android 10 Full Hd 43  110v/240v,88609.5,1,Liniers,Capital Federal,IMPORTODOOESTE,SMARTV
22,MLA1345893161,Auriculares In-ear Gamer Inalámbricos Xiaomi Mi True Wireless Earbuds Basic 2 Twsej061ls X 1 Unidades Negro,6799.0,100,floresta,Capital Federal,TOUCH.DIGITAL,SMARTV
23,MLA1337400346,Emisor Transmisor Receptor Bluetooth Audio Tv Smart 2 Puntos,5499.0,1,Buenos Aires,Capital Federal,NYT SRL,SMARTV
24,MLA1415963428,Soporte Tele 32 43 50 55 Extensor Reforzado Doble Brazo 30kg,11961.0,1,Villa Martelli,Buenos Aires,CASAMENDOZA,SMARTV
25,MLA897720032,Control Remoto Para LG Smart Tv Netflix,2498.98,50,Córdoba,Córdoba,GALLIO ELECTRÓNICA,SMARTV
26,MLA1247566431,Smart Tv Noblex Dk32x7000pi Led Hd 32 Android Tv,58170.0,1,Córdoba,Córdoba,SATURNO-HOGAR,SMARTV
27,MLA1127652346,Control Remoto Para Philips Smart Con Tecla Netflix Youtube,2698.98,100,Córdoba,Córdoba,GALLIO ELECTRÓNICA,SMARTV
28,MLA1359567076,Emisor Transmisor Receptor Bluetooth Audio Tv Smart Btaudio ,2399.0,1,Buenos Aires,Capital Federal,NYT SRL,SMARTV
29,MLA1344963316,Soporte Fijo Para Tele Led Smart 26 A 55 Pulgadas Exahome Negro Universal Vesa 400x400,2849.05,100,Villa Urquiza,Capital Federal,EXAHOME TO,SMARTV
30,MLA1411992710,Soporte Tv Lcd Led 26 32 40 42 49 50 55 60 2 Brazos Móvil Horizontal Basculante Vertical 50cm 55kg Vesa Hasta 40cm,14033.0,150,Castelar,Buenos Aires,FASE.COM.AR,SMARTV
31,MLA872850615,Control Remoto Smart Tv Para Samsung Todos Los Modelos,2672.0,500,ALMAGRO CABALLITO VILLA CRESPO PARQUE CENTENARIO,Capital Federal,CENTERTRONIC,SMARTV
32,MLA1362425879,Smart Tv Samsung Series 4 Un32t4300agczb Led Tizen Hd 32  220v - 240v,72818.21,50,Ranelagh,Buenos Aires,PEROZZI_E_HIJO,SMARTV
33,MLA1225758582,Smart Tv Bgh B4322fs5a Led Android Tv Full Hd 43  220v,90999.0,1,Rosario,Santa Fe,NOVOGAR,SMARTV
34,MLA1256022071,Smart Tv LG Ai Thinq 50up7750psb Lcd Webos 6.0 4k 50  100v/240v,165799.0,1,Rosario,Santa Fe,NOVOGAR,SMARTV
35,MLA904989587,Tiras Led Hitachi Cdh-le32smart10 Rca L32nxsmart L32s4900,8380.0,50,Mar del Plata,Buenos Aires,HARDINGMDP,SMARTV
36,MLA1112720497,Soporte Shirka Sk-471 De Pared Para Tv/monitor De 65   Negro,2819.06,500,Parque Patricios,Capital Federal,IOFIONLINE,SMARTV
37,MLA1414772600,Smart Tv Rca 40 Led Full Hd Android Netflix Youtube 110/240v,89998.8,50,Ranelagh,Buenos Aires,PEROZZI_E_HIJO,SMARTV
38,MLA1133471471,"Control Remoto Para Samsung Led Smart 4k Con Netflix, Amazon",2698.98,1,Córdoba,Córdoba,GALLIO ELECTRÓNICA,SMARTV
39,MLA1364513198,Smart Tv Hitachi Cdh-le40smart21 Android Tv Full Hd 40  220v,79999.0,50,Parque Patricios,Capital Federal,AGEN-SA,SMARTV
40,MLA1413558184,Smart Tv Noblex Dr32x7000pi Led Hd 32'' Con Android Tv,79999.0,1,Barracas,Capital Federal,HYT.COM.AR,SMARTV
41,MLA1349026836,"Soporte Lcd Led Smart Tv 32 40 42 43, Mi40 Brazo Movible",4799.0,1,Palermo,Capital Federal,CINEMASOPORTES,SMARTV
42,MLA1147303407,Control Remoto Smart Tv Para Samsung Todos Los Modelos,2499.0,50,Merlo,Buenos Aires,ANTENASOESTE,SMARTV
43,MLA1148941757,Smart Tv Samsung Series 7 Un55au7000gczb Led Tizen 4k 55  220v - 240v,229999.0,250,Villa Celina,Buenos Aires,MERCADOLIBRE ELECTRONICA_AR,SMARTV
44,MLA1380622582,Soporte Nakan Spl-570e De Pared Para Tv/monitor De 10  A 32  Negro,4350.0,1,Villa Pueyrredón,Capital Federal,TITANIUM-STORE,SMARTV
45,MLA932950403,Soporte Nakan Spl 375 De Pared Para Tv/monitor De 26  A 60  Negro,12149.0,50,Castelar,Buenos Aires,FASE.COM.AR,SMARTV
46,MLA897887834,Control Remoto Para Smart Rca Tcl Hitachi,2398.98,1,Córdoba,Córdoba,GALLIO ELECTRÓNICA,SMARTV
47,MLA1295267905,The Freestyle Proyector Portatil Samsung Fhd 100  Smart Tv Audio 360 Hdr 110v/220v,263999.0,1,Liniers,Capital Federal,IMPORTADORAFOTOGRAFICA,SMARTV
48,MLA1149169085,Smart Tv Bgh Led Uhd 4k Android Pne040263 220v,110999.0,1,Villa Celina,Buenos Aires,MERCADOLIBRE ELECTRONICA_AR,SMARTV
49,MLA1369172429,Soporte Skyway Sk-st4 De Pared Para Tv/monitor De 32  A 55  Negro,3499.0,1,Buenos Aires,Capital Federal,ZTECNO,SMARTV
0,MLA1123991514,Amazon Fire Tv Stick Control De Voz 3.ª Generación Full Hd 8gb Negro Con 1gb De Memoria Ram,23499.0,1,San Cristobal,Capital Federal,TECNEC S.A,AMAZON
1,MLA1142247219,Amazon Fire Tv Stick 4k Control De Voz 4k 8gb Negro Con 1.5gb De Memoria Ram,26500.0,1,Paraná,Entre Ríos,ALTAVISTA COMPUTACION,AMAZON
2,MLA1405962198,Amazon Fire Tv Stick Lite Edición 2022 Control De Voz Full Hd 8gb Negro,22899.0,1,San Cristobal,Capital Federal,VIER TECH,AMAZON
3,MLA1420438202,Amazon Fire Tv Stick 4k De Voz 3.ª Generación 4k 8gb Negro Con 1.5gb De Memoria Ram,25999.0,1,Córdoba,Córdoba,VCL LOGISTICA,AMAZON
4,MLA1403378262,Amazon Fire Tv Stick Edición 2021 Control De Voz Full Hd 8gb Negro,23999.0,1,San Cristobal,Capital Federal,VIER TECH,AMAZON
5,MLA1349708753,Amazon Fire Tv Stick 3ra Hd Alexa Voice Remote Original,24999.0,50,Paternal,Capital Federal,TIENDABA_BH.COM.AR,AMAZON
6,MLA903186292,Amazon Fire Tv Stick Lite Control De Voz Full Hd 8gb Negro Con 1gb De Memoria Ram,20499.0,1,Bahía Blanca,Buenos Aires,CELLPHONEFREE,AMAZON
7,MLA1420642876,Amazon Fire Tv Stick 4k Max Control De Voz 1.ª Generación 4k 8gb Negro Con 2gb De Memoria Ram,45000.0,1,Liniers,Capital Federal,STOREARGENTINASA,AMAZON
8,MLA1400164076,Amazon Fire Tv Cube Control De Voz 2.ª Generación 4k 16gb Negro Con 2gb De Memoria Ram,62999.0,1,Villa Crespo,Capital Federal,MICA_GUTI,AMAZON
9,MLA1211212710,Amazon Fire Tv Stick De Voz Full Hd 8gb 1gb Ram Factura,26157.74,1,Belgrano,Capital Federal,NOTRE DAME,AMAZON
10,MLA874505930,Amazon Fire Tv Stick 4k Hdr Control Por Voz Con Alexa ,26990.0,1,San Nicolás,Capital Federal,BH COMPUTACION,AMAZON
11,MLA1123985813,Amazon Fire Tv Stick 3ra Gen Full Hd Youtube Netflix Disney,23499.0,1,San Cristobal,Capital Federal,IWANT..,AMAZON
12,MLA1367657449,Amazon Fire Tv Stick Lite Full Hd 8gb 1gb Ram Streaming,22899.0,1,San Cristobal,Capital Federal,VIER TECH,AMAZON
13,MLA1275869904,Amazon Fire Tv Stick Lite De Voz Full Hd 8gb + Fuente 220v!,21250.0,1,Temperley,Buenos Aires,LIBERTECSRL,AMAZON
14,MLA1349431427,Amazon Fire Tv Stick De Voz 3era Gen Full Hd 8gb 1gb Ram,24999.0,50,Paternal,Capital Federal,TIENDABA_BH.COM.AR,AMAZON
15,MLA1134534232,Amazon Fire Tv Stick Max  Alexa Hdr 4k 8gb Wifi6 2gb Ram,38984.99,1,Ciudad Autonoma de Buenos Aires,Capital Federal,NOVAINFOEXPRESS,AMAZON
16,MLA1341285993,Amazon Fire Tv Stick Hd 8gb Hdr Dolby 1080p Imp Control Voz,37116.44,1,Ciudad Autonoma de Buenos Aires,Capital Federal,NOVAINFOEXPRESS,AMAZON
17,MLA1400240046,Amazon Fire Tv Cube Control De Voz 2.ª Gen 4k 16gb 2gb Ram,62999.0,1,Villa Crespo,Capital Federal,MICA_GUTI,AMAZON
18,MLA1365620083,Fire Tv Stick 4k Ultra Hd Con Fuente Original,26999.0,1,Temperley,Buenos Aires,LIBERTECSRL,AMAZON
19,MLA1123961156,Amazon Fire Tv Stick 3ra Gen Full Hd Youtube Netflix Disney ,23499.0,1,San Cristobal,Capital Federal,TECNEC S.A,AMAZON
20,MLA1106521661,Amazon Fire Tv Stick Lite Full Hd 8gb 1gb Ram Streaming ,21289.0,1,San Cristobal,Capital Federal,IWANT..,AMAZON
21,MLA1367192955,Amazon Fire Tv Stick 3ra Gen Full Hd Youtube Netflix Disney,23999.0,1,San Cristobal,Capital Federal,VIER TECH,AMAZON
22,MLA1148719955,Amazon Fire Tv Stick 4k De Voz 4k 8gb 1.5gb De Memoria Ram,26999.0,1,Boulogne,Buenos Aires,E-O-N-E,AMAZON
23,MLA1106948651,Amazon Fire Tv Stick Lite Full Hd 8gb 1gb Ram Streaming,21289.0,1,San Cristobal,Capital Federal,TECNEC S.A,AMAZON
24,MLA869911275,Amazon Fire Tv Stick 2da Gen Full Hd You Tube Netflix ,23499.0,1,San Cristóbal,Capital Federal,TECNEC.,AMAZON
25,MLA1142228894,Amazon Fire Tv Stick 4k De Voz 4k 8gb Negro Con 1.5gb De Ram,26500.0,1,Paraná,Entre Ríos,ALTAVISTA COMPUTACION,AMAZON
26,MLA1174715972,Amazon Fire Tv Stick Lite Full Hd 8gb 1gb De Ram Con Voz,21724.0,200,Monte Castro,Capital Federal,GAUSS ONLINE,AMAZON
27,MLA1138288376,Amazon Fire Tv Stick Lite Full Hd 8gb 1gb Ram Streaming,20999.0,1,Piamonte,Santa Fe,CUSA-TECHNOLOGY,AMAZON
28,MLA1359484285,"Amazon Fire Tv Stick 4k 8gb Hdr Dolby 1,5gb Ram Control Voz",26499.0,1,CORDOBA CAPITAL,Córdoba,NOVAINFORMATICASA,AMAZON
29,MLA1122778446,Stick Tv Amazon Fire Ultra Hd 4k Control De Voz Alexa Gtia,32999.0,1,Ituzaingó,Buenos Aires,PRODUCTOSECWEB,AMAZON
30,MLA1100043805,Amazon Fire Tv Stick Lite Full Hd 8gb Alexa Hdtv Dual Band,22499.0,1,San Nicolás,Capital Federal,BH COMPUTACION,AMAZON
31,MLA1144959822,Amazon Fire Tv Stick Lite De Voz Full Hd 8gb Negro 1gb Ram,24947.0,1,Córdoba,Córdoba,MIGOSHOP,AMAZON
32,MLA874503353,Amazon Fire Tv Stick 4k De Voz 4k 8gb Negro Con Memoria Ram,31581.0,200,Capital Federal,Capital Federal,LAMEJORSOLUCION,AMAZON
33,MLA1149179048,Amazon Fire Tv Stick 4k Max Wifi 6,39999.0,1,Villa Urquiza,Capital Federal,INTECNOVA.AR,AMAZON
34,MLA1113069412,Amazon Fire Tv Stick Lite Control Voz Full Hd 8gb 1gb Ram,33808.79,50,Barracas,Capital Federal,IVMACO,AMAZON
35,MLA864430056,"Amazon Fire Tv Stick 4k De Voz 8gb 1,5gb Ram Streaming 4k",49999.0,500,Paternal,Capital Federal,GAMESTATION ARG,AMAZON
36,MLA1166920743,Amazon Fire Tv Stick De Voz 3.ª Gen Full Hd 8gb Negro 1gb ,30999.0,1,Temperley,Buenos Aires,LIBERTECSRL,AMAZON
37,MLA1346054360,Amazon Fire Tv Stick 4k De Voz 4k 8gb Negro Con 1.5gb ,31581.0,1,Malagueño,Córdoba,DELMUNDOATUSMANOS,AMAZON
38,MLA1106495695, Amazon Fire Tv Stick Lite Full Hd 8gb 1gb Ram Streaming ,21289.0,1,San Cristóbal,Capital Federal,TECNEC.,AMAZON
39,MLA1359105096,Amazon Fire Tv Stick Control De Voz 2.ª Generación Full Hd 8gb Negro Con 1gb De Memoria Ram,38206.0,1,Córdoba,Córdoba,MIGOSHOP,AMAZON
40,MLA1369051919,Amazon Fire Tv Stick 4k De Voz 3° Gen 8gb Cargador Original!,33888.0,1,MICROCENTRO,Capital Federal,RAPIDA_ENTREGA_,AMAZON
41,MLA1100059077,Amazon Fire Tv Stick Lite Full Hd Control Remoto Alexa,22500.0,1,San Nicolás,Capital Federal,TECNOSTOCK.COM.AR,AMAZON
42,MLA1386130548,Amazon Fire Tv Stick 4k Control De Voz Alexa - 8gb,26990.0,1,Córdoba,Córdoba,VANGUVANGU,AMAZON
43,MLA1122778348,Amazon Fire Tv Stick 4k Hd Smart Tv Apps Netflix Disney  +,42299.0,1,Ituzaingó,Buenos Aires,EC-ELECTRONICA,AMAZON
44,MLA1369100363,Combo Adaptadores Usb Otg Para Fire Tv  Y Usb Ethernet Rj45 ,8084.0,1,Nueva Pompeya,Capital Federal,ASHERCROFT,AMAZON
45,MLA1232135211,Amazon Fire Tv Stick Lite De Voz Full Hd 8gb Negro Smart ,51999.0,1,Recoleta,Capital Federal,BONDI STORE2,AMAZON
46,MLA1134577383,Amazon Fire Tv Stick Max Alexa Hdr 4k 8gb Wifi6 2gb Ram,51115.04,1,Ciudad Autonoma de Buenos Aires,Capital Federal,NOVAINFOEXPRESS,AMAZON
47,MLA1174670102,Amazon Fire Tv Stick 4k De Voz 4k 8gb 1.5gb De Memoria Ram,31900.0,1,San Isidro,Buenos Aires,INCOPAR DIGITAL,AMAZON
48,MLA1109986856,Amazon Fire Tv Stick 4k Max - Alexa 3 - Wi-fi 6 - Hdr - 2021,45000.0,1,Belgrano,Capital Federal,PK-STORE,AMAZON
49,MLA1370574985,Amazon Fire Tv Stick Ed. 2021 Control De Voz Full Hd 8gb ,23990.0,1,Córdoba,Córdoba,VANGUVANGU,AMAZON
0,MLA1413418134,Xiaomi Mi Tv Stick Mdz-24-aa Control De Voz Full Hd 8gb Negro Con 1gb De Memoria Ram,29999.0,50,Ciudad Autonoma de Buenos Aires,Capital Federal,OHPIC,XIAOMI
1,MLA1333256461,Xiaomi Stick 4k Mdz-27-aa Control De Voz 4k 8gb Negro Con 2gb De Memoria Ram,41499.0,1,Rosario,Santa Fe,TECHWAY SRL,XIAOMI
2,MLA1370811937,Xiaomi Mi Box S Mdz-22-ab Control De Voz 4k 8gb Negro Con 2gb De Memoria Ram,46990.0,1,San Justo,Buenos Aires,SANJUSTOCENTROCOMPUTACION,XIAOMI
3,MLA1345893161,Auriculares In-ear Gamer Inalámbricos Xiaomi Mi True Wireless Earbuds Basic 2 Twsej061ls X 1 Unidades Negro,6799.0,100,floresta,Capital Federal,TOUCH.DIGITAL,XIAOMI
4,MLA905544555,Xiaomi Mi Tv Stick Full Hd Chromecast Android Netflix Amazon,33699.0,1,Palermo,Capital Federal,TENDEX,XIAOMI
5,MLA1128205818,Xiaomi Tv Stick 4k 2gb Ram 8gb Rom C/control Netflix-android,39846.29,100,Barracas,Capital Federal,IVMACO,XIAOMI
6,MLA1370836329,Xiaomi Mi Box S Control De Voz 4k 8gb  2gb De Memoria Ram,46990.0,1,San Justo,Buenos Aires,SANJUSTOCENTROCOMPUTACION,XIAOMI
7,MLA1120848222,Xiaomi Mi Tv Stick Full Hd Chromecast Android Netflix Amazon,30399.0,1,Villa Santa Rita,Capital Federal,SM SPACE,XIAOMI
8,MLA1368609479,Xiaomi Mi Box S Tv 4k Control De Voz 8gb 2gb De Ram !!,62990.0,1,Chacarita,Capital Federal,INTEGRADOS ARGENTINOS,XIAOMI
9,MLA1333515060,Xiaomi Stick 4k 8gb Negro Con 2gb De Memoria Ram,41499.0,1,Rosario,Santa Fe,TECHWAY SRL,XIAOMI
10,MLA1368841989,Convertidor Smart Tv Android Xiaomi Mi Tv Stick Chromecast  ,29500.0,1,Mar del Plata,Buenos Aires,MOVILES ONLINE,XIAOMI
11,MLA1156364072,Xiaomi Mi Tv Stick Full Hd 8gb Android 9.0 Hdmi 2k Pcreg,38099.0,500,Almagro,Capital Federal,PCREGISTRADAOK,XIAOMI
12,MLA849971918,Xiaomi Mi Box S Android Tv Chromecast Incorporado 4k Hdr ,47900.0,1,Palermo,Capital Federal,TENDEX,XIAOMI
13,MLA1220041782,Xiaomi Mi Tv Stick Full Hd Smart Android Netflix Amazon +,47999.0,1,Ituzaingó,Buenos Aires,PRODUCTOSECWEB,XIAOMI
14,MLA1422399660,Onlycast Transmisor De Celular/tv Convertidor A Smart Stream,10330.0,50,Córdoba,Córdoba,ON5731682,XIAOMI
15,MLA1113177605,Mi Tv Box Xiaomi S Eu Con Control Remoto ,49000.0,1,Paternal,Capital Federal,GAMESTATION ARG,XIAOMI
16,MLA1128238985,Xiaomi Tv Stick 4k 2gb Ram 8gb Rom C/control Netflix-android,54336.29,1,Barracas,Capital Federal,IVMACO,XIAOMI
17,MLA1110353550,"Repetidor, Range Extender Xiaomi Mi Wi-fi Range Extender Pro R03 Negro 100v/240v",13549.0,1,Bahía Blanca,Buenos Aires,CELLPHONEFREE,XIAOMI
18,MLA900454599, Xiaomi Mi Tv Stick Mdz-24-aa De Voz Full Hd 8gb Ram 1gb,31756.0,1,Monte Castro,Capital Federal,GAUSS ONLINE,XIAOMI
19,MLA1121142331,Tv Box Xiaomi Mi Box S 4k Ultra Hd ,55907.5,1,Rosario,Santa Fe,ROSARIO EXCLUSIVOS,XIAOMI
20,MLA1182481253,Xiaomi Mi Tv Stick 4k Android Chromecast Amazon Netflix Hdmi,75031.96,1,San Nicolas,Capital Federal,FEFOTEC,XIAOMI
21,MLA884822620, Xiaomi Mi Tv Stick De Voz Full Hd 8gb Negro Android Gtia,35499.0,1,Rosario,Santa Fe,WORLDTECHROSARIOWEB,XIAOMI
22,MLA1370762411,Xiaomi Mi Box S Control De Voz 4k 8gb 2gb De Memoria Ram,64990.0,1,San Justo,Buenos Aires,SANJUSTOCENTROCOMPUTACION,XIAOMI
23,MLA1163794492,Xiaomi Mi Stick Tv 4k Uhd Android Chromecast+ Control Remoto,77910.03,200,Recoleta,Capital Federal,TRES MARES,XIAOMI
24,MLA1160117408,Convertidor Smart Xiaomi Mi Tv Stick Amazon Disney Netflix,42889.0,1,Córdoba,Córdoba,SOLUCIONES TECNOCBA,XIAOMI
25,MLA1366601713,Xiaomi Mi Box S Mdz-22-ab Control De Voz 4k 8gb 2gb Ram,54998.0,1,Lanus Este,Buenos Aires,AMOBLAMIENTOS 2001,XIAOMI
26,MLA1182507121,Xiaomi Mi Tv Stick 4k Android Chromecast Amazon Netflix Hdmi,53979.83,1,San Nicolas,Capital Federal,FEFOTEC,XIAOMI
27,MLA873141712,Xiaomi Mi Tv Stick Full Hd Android Chromecast Netflix Amazon,39999.0,500,Paternal,Capital Federal,BAZA 10,XIAOMI
28,MLA907109073,Xiaomi Mi Tv Box S 4k Android Tv 8gb 2gb Ram _ap,50830.0,1,Rosario,Santa Fe,STOCKAUDIOARTE,XIAOMI
29,MLA1124556559,Xiaomi Mi Tv Stick Full Hd Chromecast Android Amazon Netflix,45113.12,1,Balvanera,Capital Federal,ALNI SHOP,XIAOMI
30,MLA1220098794,Tv Stick Xiaomi Mi Full Hd Chromecast Smart Netflix Disney ,36999.0,1,Ituzaingó,Buenos Aires,EC-ELECTRONICA,XIAOMI
31,MLA1104393417, Xiaomi Mi Tv Stick Full Hd 8gb Negro Con 1gb De Ram,42600.0,1,Palermo,Capital Federal,LIBRERIA TEOREMA,XIAOMI
32,MLA1180034732,Convertidor Smart Tv Android Xiaomi Mi Tv Stick Chromecast  ,59363.12,1,Balvanera,Capital Federal,ALNI SHOP,XIAOMI
33,MLA898102021,Xiaomi Mi Stick Tv Fhd Android Chromecast + Control Remoto,63300.54,500,Recoleta,Capital Federal,TRES MARES,XIAOMI
34,MLA924342731,Xiaomi Mi Tv Stick De Voz Full Hd 8gb Con 1gb De Memoria Ram,38589.0,1,Rosario,Santa Fe,ROSARIOALCOSTOSRL,XIAOMI
35,MLA1366926023,Xiaomi Mi Tv Stick Control De Voz Full Hd 8gb,33999.0,1,Monserrat,Capital Federal,DEPOT MONSERRAT,XIAOMI
36,MLA928777970,Mi Tv Xiaomi Stick Mdz-24-aa Full Hd 8gb  1gb Ram,34700.0,1,Mataderos,Capital Federal,ROYAL2002,XIAOMI
37,MLA1173627771,Tv Stick Xiaomi Hdmi 1080p Andorid Tv Google Netflix Voz Cts,53190.0,1,Córdoba,Córdoba,ARMANETSTORE,XIAOMI
38,MLA898101986,Xiaomi Mi Stick Tv Fhd Android Chromecast + Control Remoto,42684.97,500,Recoleta,Capital Federal,TRES MARES,XIAOMI
39,MLA1220188993,Xiaomi Mi Tv Stick Android Chromecast Smart Netflix Amazon +,47999.0,1,Ituzaingó,Buenos Aires,EC-ELECTRONICA,XIAOMI
40,MLA1149175419,Xiaomi Mi Tv Stick Convertidor De Smart Mdz-24-aa,35949.0,1,Casilda,Santa Fe,WB INSUMOS,XIAOMI
41,MLA873141768,Xiaomi Mi Tv Stick Full Hd Android Chromecast Netflix Amazon,49999.0,500,Paternal,Capital Federal,BAZA 10,XIAOMI
42,MLA1142782181,Control Remoto Para Xiaomi Tv ,7499.0,1,Nueva Pompeya,Capital Federal,..SANLORENZOSATELITAL.COM,XIAOMI
43,MLA924341937,Xiaomi Mi Tv Stick De Voz Full Hd 8gb Con 1gb De Memoria Ram,49239.0,1,Rosario,Santa Fe,ROSARIOALCOSTOSRL,XIAOMI
44,MLA1419472828,Xiaomi Mi Box S Mdz-28-aa 4k 8gb 2gb Ram 2th Gen Horade,49999.0,1,Monserrat,Capital Federal,HORADE SRL,XIAOMI
45,MLA1248404176,Xiaomi Mi Tv Stick Mdz-24-aa Full Hd,53540.0,1,Rosario,Santa Fe,NICOLASMVK,XIAOMI
46,MLA1243343939,Xiaomi Mi Tv Stick Mdz-24-aa Full Hd ,40375.0,1,Rosario,Santa Fe,NICOLASMVK,XIAOMI
47,MLA873142933,Xiaomi Mi Tv Stick Full Hd Android Media Streaming Wifi,49999.0,500,Paternal,Capital Federal,GAMESTATION ARG,XIAOMI
48,MLA1370173675,Xiaomi Mi Box S Mdz-28-aa 4k 8gb 2gb Ram 2th Gen Evotech,49999.0,1,Florida,Buenos Aires,EVOTECH NORTE,XIAOMI
49,MLA1174435149,Xiaomi Mi Tv Stick Mdz-24-ab Full Hd 8gb - 1gb Ram Martinez,37499.0,1,Martinez,Buenos Aires,PLANETSTORESRL,XIAOMI
